[
  {
    "province_id": "1",
    "province_name_en": "KOSHI",
    "is_active": "Y",
    "country_id": "144",
    "province_name_np": "कोशी",
    "capital_name_en": "Biratnagar",
    "capital_name_np": "विराटनगर"
  },
  {
    "province_id": "2",
    "province_name_en": "MADHESH",
    "is_active": "Y",
    "country_id": "144",
    "province_name_np": "मधेश",
    "capital_name_en": "Janakpur",
    "capital_name_np": "जनकपुर"
  },
  {
    "province_id": "3",
    "province_name_en": "BAGMATI",
    "is_active": "Y",
    "country_id": "144",
    "province_name_np": "बागमती",
    "capital_name_en": "Hetauda",
    "capital_name_np": "हेटौंडा"
  },
  {
    "province_id": "4",
    "province_name_en": "GANDAKI",
    "is_active": "Y",
    "country_id": "144",
    "province_name_np": "गण्डकी",
    "capital_name_en": "Pokhara",
    "capital_name_np": "पोखरा"
  },
  {
    "province_id": "5",
    "province_name_en": "LUMBINI",
    "is_active": "Y",
    "country_id": "144",
    "province_name_np": "लुम्बिनी",
    "capital_name_en": "Deukhuri",
    "capital_name_np": "देउखुरी"
  },
  {
    "province_id": "6",
    "province_name_en": "KARNALI",
    "is_active": "Y",
    "country_id": "144",
    "province_name_np": "कर्णाली",
    "capital_name_en": "Birendranagar, Surkhet",
    "capital_name_np": "वीरेन्द्रनगर, सुर्खेत"
  },
  {
    "province_id": "7",
    "province_name_en": "SUDURPASHCHIM",
    "is_active": "Y",
    "country_id": "144",
    "province_name_np": "सुदुरपश्चिम",
    "capital_name_en": "Godawari, Dhangadi",
    "capital_name_np": "गोदावरी, धनगढी"
  }
]