municipality_id,municipality_code,municipality_name_en,municipality_name_np,district_id,is_active
251,AAD,AADARSH KOTWAL,आदर्श कोटवाल,21,Y
705,AAA,AADARSHA,आदर्श,70,Y
732,AAL,AALITAAL,आलिताल,73,Y
362,AAM,AAMA CHHODINGMO,आमाछोदिङमो,32,Y
105,AAC,AAMCHOWK,आमचोक,10,Y
418,AAN,AANBU KHAIRENI,आँबुखैरेनी,38,Y
430,AAH,AANDHI KHOLA,आँधिखोला,39,Y
400,AAR,AARUGHAT,आरूघाट,36,Y
617,AAT,AATHABIS,आठबीस,60,Y
2,AAI,AATHARAI TRIBENI,आठराई त्रिवेणी,1,Y
562,AAB,AATHBISKOT,आठबिसकोट,77,Y
84,AAZ,AATHRAI,आठराई ,8,Y
666,ADA,ADANCHULI,अदानचुली,66,Y
149,AGN,AGNISAIR KRISHNASAWARAN,अग्निसाइर कृष्णासरवन,15,Y
549,AIR,AIRAWATI,ऐरावती,52,Y
125,AIS,AISELUKHARKA,ऐसेलुखर्क ,13,Y
735,AJA,AJAYAMERU,अजयमेरु,73,Y
399,AJI,AJIRKOT,अजिरकोट,36,Y
730,AMA,AMARGADHI,अमरगढी,73,Y
173,ANA,ANARMA,अर्नमा,16,Y
436,ANN,ANNAPURNA,अन्नपूर्ण,40,Y
450,ANP,ANNAPURNA,अन्नपुर्ण,43,Y
750,API,API HIMAL,अपिहिमाल,75,Y
429,ARJ,ARJUN CHAUPARI,अर्जुनचौपारी,39,Y
32,ARU,ARJUNDHARA,अर्जुनधारा,4,Y
102,ARN,ARUN,अरुण,10,Y
165,AUR,AURAHI,औरही,16,Y
191,AUA,AURAHI,औरही,17,Y
206,AUH,AURAHI,औरही,18,Y
578,BAB,BABAI,बबई,55,Y
593,BAD,BADHAIYATAL,बढैयाताल,57,Y
471,BAI,BADIGAD,वडिगाड,45,Y
702,BAK,BADIKEDAR,बडीकेदार,70,Y
668,BAM,BADIMALIKA,बडीमालिका,67,Y
596,BAG,BAGCHAUR,बागचौर,58,Y
462,BAL,BAGLUNG,बागलुङ,45,Y
221,BAA,BAGMATI,बागमती,19,Y
329,BAT,BAGMATI,बागमती,28,Y
381,BAU,BAGMATI,बाग्मति,34,Y
506,BAN,BAGNASKALI,बगनासकाली,48,Y
38,BAH,BAHRADASHI,बाह्रदशी,4,Y
268,BAR,BAHUDARMAI,बहुदरमाई,22,Y
583,BAJ,BAIJANATH,बैजनाथ,56,Y
298,BAE,BAITESHWOR,वैतेश्वर,25,Y
380,BAY,BAKAIYA,बकैया,34,Y
156,BAV,BALAN BIHUL,बलान-बिहुल,15,Y
219,BAF,BALARA,बलरा,19,Y
306,BAP,BALEPHI,बलेफी,26,Y
204,BAW,BALWA,बलवा,18,Y
423,BAZ,BANDIPUR,वन्दिपुर,38,Y
313,BAO,BANEPA,बनेपा,27,Y
597,BAS,BANGAD KUPINDE,बनगाड कुपिण्डे,58,Y
530,BAQ,BANGANGA,बाणगंगा,50,Y
572,BAC,BANGLACHULI,बंगलाचुली,55,Y
695,BAX,BANNIGADHI JAYGADH,बान्निगढी जयगढ,69,Y
566,BJJ,BANPHIKOT,बाँफिकोट,77,Y
591,BEE,BANSGADHI,बाँसगढी,57,Y
258,BQQ,BARAGADHI,बारागढी,21,Y
65,BWW,BARAHAKSHETRA,बराह,6,Y
132,BSS,BARAHPOKHARI,वराहपोखरी,13,Y
611,BDD,BARAHTAL,बराहताल,59,Y
592,BTT,BARBARDIYA,बारबर्दिया,57,Y
475,BBB,BARDAGHAT,बर्दघाट,76,Y
716,BMM,BARDGORIYA,बर्दगोरिया,71,Y
193,BWX,BARDIBAS,बर्दिबास,18,Y
630,BNN,BAREKOT,बारेकोट,61,Y
466,BPP,BARENG,वरेङ,45,Y
301,BEF,BARHABISE,बाह्रविसे,26,Y
218,BVV,BARHATHAWA,बरहथवा,19,Y
169,BYY,BARIYARPATTI,बरियारपट्टी,16,Y
69,BVW,BARJU,बर्जु,6,Y
397,BNO,BARPAK SULIKOT,बारपाक सुलिकोट,36,Y
758,BRR,BASBARIYA,बसबरीया,19,Y
186,BYZ,BATESHWOR,बटेश्वर,17,Y
232,BHH,BAUDHIMAI,बौधीमाई,20,Y
482,BJK,BAUDIKALI,बौदीकाली,46,Y
723,BED,BEDKOT,वेदकोट,72,Y
136,BEL,BELAKA,वेलका,14,Y
726,BEA,BELAURI,बेलौरी,72,Y
44,BEB,BELBARI,बेलवारी,5,Y
728,BEN,BELDANDI,बेलडाडी,72,Y
347,BEK,BELKOTGADHI,बेलकोटगढी,31,Y
449,BEI,BENI,बेनी,43,Y
372,BEG,BENIGHAT RORANG,बेनीघाट रोराङ्ग,33,Y
406,BES,BESISAHAR,बेसीशहर,37,Y
321,BET,BETHANCHOWK,बेथानचोक,27,Y
31,BHA,BHADRAPUR,भद्रपुर ,4,Y
203,BHG,BHAGAHA,भँगाहा,18,Y
164,BHW,BHAGAWANPUR,भगवानपुर,16,Y
618,BHT,BHAGAWATIMAI,भगवतीमाई,60,Y
733,BHE,BHAGESHWOR,भागेश्वर,73,Y
623,BHI,BHAIRABI,भैरवी,60,Y
712,BHJ,BHAJANI,भजनी,71,Y
332,BHK,BHAKTAPUR,भक्तपुर,29,Y
414,BHN,BHANU,भानु,38,Y
388,BHR,BHARATPUR,भरतपुर,35,Y
721,BHM,BHEEMDATTA,भीमदत्त,72,Y
625,BHL,BHERI,भेरी,61,Y
606,BHO,BHERIGANGA,भेरीगंगा,59,Y
415,BHD,BHIMAD,भिमाद,38,Y
291,BHS,BHIMESHWOR,भिमेश्वर,25,Y
382,BHP,BHIMPHEDI,भिमफेदी,34,Y
404,BHB,BHIMSEN THAPA,भिमसेनथापा,36,Y
427,BHY,BHIRKOT,भीरकोट,39,Y
98,BHU,BHOJPUR,भोजपुर ,10,Y
70,BHQ,BHOKRAHA NARSINGH,भोक्राहा नरसिंह,6,Y
307,BHZ,BHOTEKOSHI,भोटेकोशी,26,Y
93,BHF,BHOTKHOLA,भोट खोला ,9,Y
564,BHV,BHUME,भूमे,54,Y
537,BHX,BHUMIKASTHAN,भूमिकास्थान,51,Y
322,BHC,BHUMLU,भुम्लु,27,Y
180,BID,BIDEHA,विदेह,17,Y
346,BIU,BIDUR,विदुर,31,Y
296,BIG,BIGU,विगु,25,Y
461,BIH,BIHADI,विहादी,44,Y
534,BIJ,BIJAYNAGAR,विजयनगर,50,Y
484,BIN,BINAYI TRIBENI,विनयी त्रिवेणी,46,Y
267,BIA,BINDABASINI,बिन्दबासिनी,22,Y
43,BIR,BIRATNAGAR,विराटनगर,5,Y
605,BIE,BIRENDRANAGAR,बीरेन्द्रनगर,59,Y
260,BIW,BIRGUNJ,बिरगंज,22,Y
35,BIT,BIRTAMOD,बिर्तामोड,4,Y
433,BIQ,BIRUWA,बिरुवा,39,Y
228,BIS,BISHNU,विष्णु,19,Y
157,BIP,BISHNUPUR,बिष्णुपुर,15,Y
166,BIV,BISHNUPUR,विष्णुपुर,16,Y
763,BIM,BISHRAMPUR,विश्रामपुर,21,Y
683,BIC,BITTHADCHIR,वित्थडचिर,68,Y
144,BOD,BODEBARSAIEN,बोदेबरसाईन,15,Y
707,BOG,BOGATAN PHUDSIL,बोगटान फुड्सिल,70,Y
226,BRA,BRAHMAPURI,ब्रह्मपुरी,19,Y
233,BRI,BRINDAWAN,बृन्दावन,20,Y
526,BUD,BUDDHABHUMI,बुद्धभुमी,50,Y
40,BUH,BUDDHASHANTI,बुद्धशान्ति,4,Y
344,BUA,BUDHANILKANTHA,बुढानिलकण्ठ,30,Y
52,BUI,BUDHIGANGA,बुढीगंगा,5,Y
670,BUG,BUDHIGANGA,बुढीगंगा,67,Y
671,BUN,BUDHINANDA,बुढीनन्दा,67,Y
483,BUL,BULINGTAR,बुलिङटार,46,Y
678,BUZ,BUNGAL,बुंगल,68,Y
509,BUT,BUTWAL,बुटवल,49,Y
755,BYA,BYANS,ब्याँस,75,Y
416,BYS,BYAS,व्यास,38,Y
88,CHA,CHAINPUR,चैनपुर,9,Y
223,CHK,CHAKRAGHATTA,चक्रघट्टा,19,Y
440,CHM,CHAME,चामे,41,Y
117,CHP,CHAMPADEVI,चम्पादेवी ,12,Y
616,CHU,CHAMUNDA BINDRASAINI,चामुण्डा विन्द्रासैनी,60,Y
640,CHN,CHANDANNATH,चन्दननाथ,63,Y
339,CHD,CHANDRAGIRI,चन्द्रागिरी,30,Y
493,CHR,CHANDRAKOT,चन्द्रकोट,47,Y
224,CHG,CHANDRANAGAR,चन्द्रनगर,19,Y
229,CHQ,CHANDRAPUR,चन्द्रपुर,20,Y
331,CHY,CHANGUNARAYAN,चाँगुनारायण,29,Y
665,CHH,CHANKHELI,चंखेली,66,Y
425,CHO,CHAPAKOT,चापाकोट,39,Y
81,CHB,CHAUBISE,चौबिसे,7,Y
134,CHI,CHAUDANDIGADHI,चौदण्डीगढी,14,Y
610,CHE,CHAUKUNE,चौकुने,59,Y
319,CHL,CHAURI DEURALI,चौंरीदेउराली,27,Y
561,CHJ,CHAURJAHARI,चौरजहारी,77,Y
693,CHT,CHAURPATI,चौरपाटी,69,Y
300,CHS,CHAUTARA SANGACHOWKGADHI,चौतारा साँगाचोकगढी,26,Y
685,CHV,CHHABISPATHIVERA,छबिसपाथिभेरा,68,Y
639,CHC,CHHARKA TANGSONG,छार्का ताङसोङ,62,Y
85,CHW,CHHATHAR,छथर,8,Y
80,CHX,CHHATHAR JORPATI,छथर जोरपाटी ,7,Y
538,CHF,CHHATRADEV,छत्रदेव,51,Y
495,CHZ,CHHATRAKOT,छत्रकोट,47,Y
601,CMM,CHHATRESHWORI,छत्रेश्वरी,58,Y
657,CJJ,CHHAYANATH RARA,छायाँनाथ रारा,65,Y
626,CGG,CHHEDAGAD,छेडागाड,61,Y
150,CVV,CHHINNAMASTA,छिन्नमस्ता,15,Y
265,CFF,CHHIPAHARMAI,छिपहरमाई,22,Y
94,CTT,CHICHILA,चिचिला ,9,Y
612,CNN,CHINGAD,चिङ्गाड,59,Y
118,CFG,CHISANKHUGADHI,चिशंखुगढी,12,Y
23,CKK,CHULACHULI,चुलाचुली ,3,Y
402,CWW,CHUMNUBRI,चुमनुव्री,36,Y
720,CYY,CHURE,चुरे,71,Y
143,DAK,DAKNESHWORI,डाक्नेश्वरी,15,Y
342,DAS,DAKSHINKALI,दक्षिणकाली,30,Y
29,DAM,DAMAK,दमक ,4,Y
573,DAN,DANGISHARAN,दंगीशरण,55,Y
604,DAR,DARMA,दार्मा,58,Y
737,DAH,DASHARATHCHAND,दशरथचन्द,74,Y
19,DEU,DEUMAI,देउमाई,3,Y
474,DEV,DEVCHULI,देवचुली,46,Y
510,DED,DEVDAHA,देवदह,49,Y
421,DEG,DEVGHAT,देवघाट,38,Y
253,DET,DEVTAL,देवताल,21,Y
234,DEW,DEWAHI GONAHI,देवाही गोनाही,20,Y
66,DEA,DEWANGANJ,देवानगञ्ज,6,Y
697,DHA,DHAKARI,ढकारी,69,Y
53,DHN,DHANAPALTHAN,धनपालथान ,5,Y
757,DHU,DHANAUJI,धनौजी,17,Y
159,DHG,DHANGADHIMAI,धनगढीमाई,16,Y
708,DHD,DHANGADHI,धनगढी,71,Y
225,DHK,DHANKAUL,धनकौल,19,Y
73,DHT,DHANKUTA,धनकुटा,7,Y
178,DHS,DHANUSHADHAM,धनुषाधाम,17,Y
61,DHR,DHARAN,धरान,6,Y
403,DHC,DHARCHE,धार्चे,36,Y
89,DHM,DHARMADEVI,धर्मदेवी,9,Y
451,DHL,DHAULAGIRI,धवलागिरी,43,Y
264,DHO,DHOBINI,धोबीनी,22,Y
465,DHP,DHORPATAN,ढोरपाटन,45,Y
312,DHI,DHULIKHEL,धुलिखेल,27,Y
363,DHB,DHUNIBESI,धुनीबेंशी,33,Y
496,DHQ,DHURKOT,धुर्कोट,47,Y
124,DIK,DIKTEL RUPAKOT MAJHUWAGADHI,दिक्तेल रुपाकोट मझुवागढी,13,Y
746,DIL,DILASAINI,डीलासैनी,74,Y
699,DIP,DIPAYAL SILGADHI,दिपायल सिलगढी,70,Y
130,DIR,DIPRUNG,दिप्रुङ चुइचुम्मा,13,Y
745,DOG,DOGADAKEDAR,दोगडाकेदार,74,Y
634,DOL,DOLPO BUDDHA,डोल्पो बुद्ध,62,Y
287,DOR,DORAMBA,दोरम्बा,24,Y
412,DOD,DORDI,दोर्दी,37,Y
274,DUD,DUDHAULI,दुधौली,23,Y
411,DUH,DUDHPOKHARI,दूधपोखरी,37,Y
585,DUU,DUDUWA,डुडुवा,56,Y
63,DUA,DUHABI,दुहवी,6,Y
751,DUN,DUHUN,दुहुँ,75,Y
615,DUL,DULLU,दुल्लु,60,Y
620,DUG,DUNGESHWOR,डुंगेश्वर,60,Y
352,DUP,DUPCHESHWOR,दुप्चेश्वर,31,Y
235,DUR,DURGA BHAGAWATI,दुर्गा भगवती,20,Y
686,DUT,DURGATHALI,दुर्गाथली,68,Y
195,EKD,EKDARA,एकडारा,18,Y
574,GAD,GADHAWA,गढवा,55,Y
68,GAH,GADHI,गढी,6,Y
236,GAI,GADHIMAI,गढीमाई,20,Y
515,GAA,GAIDAHAWA,गैडहवा,49,Y
473,GAK,GAIDAKOT,गैडाकोट,46,Y
366,GAJ,GAJURI,गजुरी,33,Y
367,GAL,GALCHI,गल्छी,33,Y
463,GAO,GALKOT,गल्कोट,45,Y
424,GAY,GALYANG,गल्याङ,39,Y
736,GAN,GANAYAPDHURA,गन्यापधुरा,73,Y
401,GAP,GANDAKI,गण्डकी,36,Y
177,GAE,GANESHMAN CHARNATH,गणेशमान चारनाथ,17,Y
556,GAG,GANGADEV,गंगादेव,53,Y
368,GAM,GANGAJAMUNA,गङ्गाजमुना,33,Y
230,GAR,GARUDA,गरुडा,20,Y
543,GAU,GAUMUKHI,गौमुखी,52,Y
672,GAS,GAUMUL,गौमुल,67,Y
231,GAT,GAUR,गौर,20,Y
34,GAB,GAURADAHA,गौरादह,4,Y
714,GAZ,GAURIGANGA,गौरीगंगा,71,Y
37,GAV,GAURIGUNJ,गौरीगञ्ज,4,Y
293,GAQ,GAURISHANKAR,गौरीशङ्कर,25,Y
194,GAW,GAUSHALA,गौशाला,18,Y
594,GER,GERUWA,गेरुवा,57,Y
444,GHA,GHARAPJHONG,घरपझोङ,42,Y
420,GHI,GHIRING,घिरिङ,38,Y
710,GHO,GHODAGHODI,घोडाघोडी,71,Y
570,GHR,GHORAHI,घोराही,55,Y
276,GHY,GHYANGLEKH,घ्याङलेख,23,Y
220,GOD,GODAITA,गोडैटा,19,Y
326,GOA,GODAWARI,गोदावरी,28,Y
713,GOW,GODAWARI,गोदावरी,71,Y
338,GOK,GOKARNESHWOR,गोकर्णेश्वर,30,Y
286,GOU,GOKULGANGA,गोकुलगङ्गा,24,Y
275,GOL,GOLANJOR,गोलन्जर,23,Y
161,GOB,GOLBAZAR,गोलबजार,16,Y
395,GOR,GORKHA,गोरखा,36,Y
360,GOS,GOSAIKUNDA,गोसाईकुण्ड,32,Y
54,GRA,GRAMTHAN,ग्रामथान,5,Y
237,GUJ,GUJARA,गुजरा,20,Y
587,GUL,GULARIYA,गुलरिया,57,Y
491,GUM,GULMI DARBAR,गुल्मी दरबार,47,Y
619,GUR,GURANS,गुराँस,60,Y
607,GUB,GURBHAKOT,गुर्भाकोट,59,Y
645,GUT,GUTHICHAUR,गुठिचौर,63,Y
41,HAL,HALDIBARI,हल्दिवारी,4,Y
123,HAE,HALESI TUWACHUNG,हलेसी तुवाचुङ,13,Y
190,HAN,HANSAPUR,हंसपुर,17,Y
148,HAU,HANUMANNAGAR KANKALINI,हनुमाननगर कङ्‌कालिनी,15,Y
281,HAR,HARIHARPURGADHI,हरिहरपुरगढी,23,Y
71,HAI,HARINAGARA,हरीनगर ,6,Y
434,HAA,HARINAS,हरिनास,39,Y
217,HAO,HARION,हरिवन,19,Y
215,HAP,HARIPUR,हरिपुर,19,Y
216,HAW,HARIPURWA,हरिपुर्वा,19,Y
106,HAT,HATUWAGADHI,हतुवागढी,10,Y
310,HEL,HELAMBU,हेलम्बु,26,Y
376,HET,HETAUDA,हेटौडा,34,Y
13,HIL,HILIHANG,हिलिहाङ,2,Y
643,HIM,HIMA,हिमा,63,Y
676,HIA,HIMALI,हिमाली,67,Y
486,HUP,HUPSEKOT,हुप्सेकोट,46,Y
394,ICH,ICHCHHAKAMANA,इच्छाकामना,35,Y
18,ILA,ILAM,ईलाम ,3,Y
62,INA,INARUWA,ईनरुवा  ,6,Y
378,IND,INDRASAROWAR,इन्द्रसरोबर,34,Y
303,INR,INDRAWATI,ईन्द्रावती,26,Y
242,ISH,ISHNATH,ईशनाथ,20,Y
207,ISW,ISHWORPUR,ईश्वरपुर,19,Y
489,ISM,ISMA,ईस्मा,47,Y
60,ITA,ITAHARI,ईटहरी ,6,Y
636,JAG,JAGADULLA,जगदुल्ला,62,Y
673,JAA,JAGANNATH,जगन्‍नाथ,67,Y
263,JAR,JAGARNATHPUR,जगरनाथपुर,22,Y
55,JAH,JAHADA,????,5,Y
464,JAI,JAIMINI,जैमिनी,45,Y
192,JAL,JALESHWAR,जलेश्वर,18,Y
457,JAJ,JALJALA,जलजला,44,Y
586,JAN,JANAKI,जानकी,56,Y
715,JAK,JANAKI,जानकी,71,Y
185,JAD,JANAKNANDINI,जनकनन्दिनी,17,Y
175,JAP,JANAKPUR,जनकपुरधाम,17,Y
127,JAT,JANTEDHUNGA,जन्तेढुङ्गा ,13,Y
677,JAY,JAYAPRITHVI,जयपृथ्वी,68,Y
246,JEE,JEETPURSIMARA,जीतपुर सिमरा,21,Y
39,JHA,JHAPA,झापा,4,Y
548,JHI,JHIMRUK,झिमरुक,52,Y
262,JIR,JIRABHAWANI,जिरा भवानी,22,Y
290,JII,JIRI,जिरी,25,Y
703,JOR,JORAYAL,जोरायल,70,Y
719,JOS,JOSHIPUR,जोशीपुर,71,Y
304,JUG,JUGAL,जुगल,26,Y
629,JUN,JUNICHANDE,जुनीचाँदे,61,Y
369,JWA,JWALAMUKHI,ज्वालामूखी,33,Y
706,KIS,K.I. SINGH,के.आई.सिं.,70,Y
42,KAC,KACHANKAWAL,कचनकवल,4,Y
336,KAG,KAGESHWORI MANOHARA,कागेश्वरी मनोहरा,30,Y
638,KAI,KAIKE,काईके,62,Y
718,KAL,KAILARI,कैलारी,71,Y
379,KAA,KAILASH,कैलाश,34,Y
348,KAK,KAKANI,ककनी,31,Y
245,KAY,KALAIYA,कलैया,21,Y
431,KAN,KALI GANDAKI,कालीगण्डकी,39,Y
490,KAD,KALI GANDAKI,कालीगण्डकी,47,Y
359,KAO,KALIKA,कालिका,32,Y
389,KAP,KALIKA,कालिका,35,Y
269,KAM,KALIKAMAI,कालिकामाई,22,Y
598,KAT,KALIMATI,कालिमाटी,58,Y
292,KAH,KALINCHOWK,कालिन्चोक,25,Y
163,KAU,KALYANPUR,कल्याणपुर,16,Y
36,KAJ,KAMAL,कमल,4,Y
184,KAQ,KAMALA,कमला,17,Y
273,KAB,KAMALAMAI,कमलामाई,23,Y
691,KAZ,KAMALBAZAR,कमलबजार,69,Y
641,KAS,KANAKASUNDARI,कनकासुन्दरी,63,Y
516,KAV,KANCHAN,कन्चन,49,Y
142,KAR,KANCHANRUP,कञ्चनरुप,15,Y
56,KAE,KANEPOKHARI,कानेपोखरी,5,Y
30,KAW,KANKAI,कन्काई,4,Y
525,KAX,KAPILVASTU,कपिलवस्तु,50,Y
600,KAF,KAPURKOT,कपुरकोट,58,Y
252,KBB,KARAIYAMAI,करैयामाई,21,Y
168,KEE,KARJANHA,कर्जन्हा,16,Y
57,KJJ,KATAHARI,कटहरी,5,Y
238,KHH,KATAHARIYA,कटहरिया,20,Y
133,KCC,KATARI,कटारी ,14,Y
467,KEF,KATHEKHOLA,काठेखोला,45,Y
335,KGG,KATHMANDU,काठमाण्डौं,30,Y
759,KYY,KAUDENA,कौडेना,19,Y
472,KNN,KAWASOTI,कावासोती,46,Y
222,KZZ,KAWILASI,कविलासी,19,Y
687,KED,KEDARASYU,केदारस्युँ,68,Y
129,KEP,KEPILASGADHI,केपिलासगढी,13,Y
58,KER,KERABARI,केरावारी,5,Y
285,KHA,khadadevi,खाँडादेवी,24,Y
145,KHD,KHADAK,खडक,15,Y
390,KHI,KHAIRAHANI,खैरहनी,35,Y
584,KHJ,KHAJURA,खजुरा,56,Y
648,KHN,KHANDACHAKRA,खाँडाचक्र,64,Y
90,KHB,KHANDBARI,खाँदवारी,9,Y
318,KHK,KHANIKHOLA,खानीखोला,27,Y
365,KHY,KHANIYABASH,खनियाबास,33,Y
675,KHP,KHAPTAD CHHEDEDAHA,खप्तड छेडेदह,67,Y
681,KHT,KHAPTADCHHANNA,खप्तडछान्ना,68,Y
663,KHR,KHARPUNATH,खार्पुनाथ,66,Y
660,KHL,KHATYAD,खत्याड,65,Y
116,KHE,KHIJIDEMBA,खिजिदेम्बा,12,Y
128,KHO,KHOTEHANG,खोटेहाङ,13,Y
109,KHU,KHUMBU PASANG LAMHU,खुम्वु पासाङल्हमु,11,Y
337,KIR,KIRTIPUR,कीर्तिपुर,30,Y
349,KIP,KISPANG,किस्पाङ,31,Y
580,KOH,KOHALPUR,कोहलपुर,56,Y
247,KOL,KOLHABI,कोल्हवी,21,Y
328,KON,KONJYOSOM,कोन्ज्योसोम,28,Y
67,KOS,KOSHI,कोशी,6,Y
517,KOT,KOTAHIMAI,कोटहीमाई,49,Y
529,KRI,KRISHNANAGAR,कृष्णनगर,50,Y
727,KRS,KRISHNAPUR,कृष्णपुर,72,Y
176,KSH,KSHIRESHWORNATH,क्षिरेश्वरनाथ,17,Y
603,KUM,KUMAKH,कुमाख,58,Y
14,KUA,KUMMAYAKA,कुम्मायाक ,2,Y
628,KUS,KUSE,कुसे,61,Y
455,KUH,KUSHMA,कुश्मा,44,Y
410,KWH,KWHOLASOTHAR,क्व्होलासोथार,37,Y
158,LAH,LAHAN,लहान,16,Y
214,LAL,LALBANDI,लालबन्दी,19,Y
83,LAI,LALIGURANS,लालीगुराँस,8,Y
325,LAT,LALITPUR,ललितपुर,28,Y
729,LAJ,LALJHADI,लालझाडी,72,Y
571,LAM,LAMAHI,लमही,55,Y
711,LAK,LAMKI-CHUHA,लम्कीचुहा,71,Y
189,LAX,LAXMINIYA,लक्ष्मीनिया,17,Y
170,LAP,LAXMIPUR PATARI,लक्ष्मीपुर पतारी,16,Y
754,LEK,LEKAM,लेकम,75,Y
609,LEB,LEKBESI,लेकवेशी,59,Y
45,LET,LETANG,लेटाङ,5,Y
121,LIK,LIKHU,लिखु,12,Y
354,LIH,LIKHU,लिखु,31,Y
113,LIU,LIKHU PIKE,लिखु पिके ,11,Y
288,LIT,LIKHU TAMAKOSHI,लिखु तामाकोशी,24,Y
140,LIM,LIMCHUNGBUNG,लिम्चुङ्बुङ,14,Y
308,LIS,LISANKHU PAKHAR,लिसङ्खु पाखर,26,Y
446,LOG,LO-GHEKAR DAMODARKUNDA,लो-घेकर दामोदरकुण्ड,42,Y
198,LOH,LOHARPATTI,लोहरपट्टी,18,Y
447,LOM,LOMANTHANG,लोमन्थाङ,42,Y
511,LUM,LUMBINI SANSKRITIK,लुम्बिनी सांस्कृतिक,49,Y
555,LUN,LUNGRI,लुङग्री,53,Y
437,MAC,MACHHAPUCHHRE,माछापुच्छ्रे,40,Y
497,MAD,MADANE,मदाने,47,Y
239,MAH,MADHAV NARAYAN,माधव नारायण,20,Y
588,MAU,MADHUWAN,मधुवन,57,Y
476,MAY,MADHYABINDU,मध्यविन्दु,46,Y
407,MAA,MADHYANEPAL,मध्यनेपाल,37,Y
333,MAP,MADHYAPUR THIMI,मध्यपुर थिमी,29,Y
91,MAI,MADI,मादी,9,Y
391,MAX,MADI,माडी,35,Y
438,MAZ,MADI,मादी,40,Y
553,MAB,MADI,माडी,53,Y
327,MAL,MAHA LAXMI,महालक्ष्मी,28,Y
323,MAR,MAHABHARAT,महाभारत,27,Y
622,MAO,MAHABU,महावु,60,Y
151,MAE,MAHADEVA,महादेवा,15,Y
249,MAG,MAHAGADHIMAI,महागढीमाई,21,Y
724,MAK,MAHAKALI,महाकाली,72,Y
747,MAW,MAHAKALI,महाकाली,75,Y
112,MAN,MAHAKULUNG,महाकुलुङ ,11,Y
74,MAM,MAHALAXMI,महालक्ष्मी ,7,Y
330,MAF,MAHANKAL,महाङ्काल,28,Y
528,MAJ,MAHARAJGUNJ,महाराजगंज,50,Y
459,MAS,MAHASHILA,महाशिला,44,Y
655,MAQ,MAHAWAI,महावै,64,Y
200,MAT,MAHOTTARI,महोत्तरी,18,Y
20,MAV,MAI,माई,3,Y
24,MRR,MAIJOGMAI,माई जोगमाई,3,Y
7,MGG,MAIWA KHOLA,मैवा खोला ,1,Y
95,MBB,MAKALU,मकालु ,9,Y
383,MDD,MAKWANPUR GADHI,मकवानपुरगढी,34,Y
213,MMM,MALANGAWA,मलंगवा,19,Y
540,MJJ,MALARANI,मालारानी,51,Y
453,MPP,MALIKA,मालिका,43,Y
498,MPQ,MALIKA,मालिका,47,Y
749,MWW,MALIKARJUN,मालिकार्जुन,75,Y
546,MUU,MALLARANI,मल्लरानी,52,Y
384,MFF,MANAHARI,मनहरी,34,Y
443,MCC,MANANG NGISYANG,मनाङ ङिस्याङ,41,Y
201,MQQ,MANARA,मनरा शिसवा,18,Y
317,MQR,MANDANDEUPUR,मण्डनदेउपुर,27,Y
544,MFG,MANDAVI,माण्डवी,52,Y
119,MYY,MANEBHANJYANG,मानेभञ्ज्याङ,12,Y
452,MQS,MANGALA,मंगला,43,Y
689,MZZ,MANGALSEN,मंगलसेन,69,Y
25,MCD,MANSEBUNGMUN,माङसेबुङ,3,Y
282,MSS,MANTHALI,मन्थली,24,Y
108,MLL,MAPYA DUDHKOSHI,माप्य दुधकोशी,11,Y
518,MHH,MARCHAWARI,मर्चवारी,49,Y
279,MYZ,MARIN,मरिण,23,Y
753,MPR,MARMA,मार्मा,75,Y
413,MXX,MARSYANGDI,मर्स्याङदी,37,Y
680,MXY,MASTA,मष्टा,68,Y
504,MKK,MATHA GADHI,माथागढी,48,Y
202,MPS,MATIHANI,मटिहानी,18,Y
240,MRS,MAULAPUR,मौलापुर,20,Y
519,MUV,MAYADEVI,मायादेवी,49,Y
531,MUW,MAYADEVI,मायादेवी,50,Y
28,MEC,MECHINAGAR,मेची नगर,4,Y
302,MEL,MELAMCHI,मेलम्ची,26,Y
739,MEA,MELAULI,मेलौली,74,Y
694,MEE,MELLEKH,मेल्लेख,69,Y
295,MEU,MELUNG,मेलुङ्ग,25,Y
87,MEN,MENCHHAYAYEM,मेन्छयायेम,8,Y
6,MER,MERINGDEN,मेरिङ्गदेन ,1,Y
15,MIK,MIKLAJUNGA,मिक्लाजुंग,2,Y
59,MIL,MIKLAJUNGA,मिक्लजुङ,5,Y
5,MIW,MIKWAKHOLA,मिकवा खोला ,1,Y
162,MIR,MIRCHAIYA,मिर्चैयाँ,16,Y
181,MIT,MITHILA,मिथिला,17,Y
187,MIH,MITHILA BIHARI,मिथिला बिहारी,17,Y
460,MOD,MODI,मोदी,44,Y
717,MOH,MOHANYAL,मोहन्याल,71,Y
120,MOL,MOLUNG,मोलुङ,12,Y
637,MUD,MUDKECHULA,मुड्केचुला,62,Y
658,MUG,MUGUM KARMARONG,मुगुम कार्मारोंग,65,Y
188,MUK,MUKHIYAPATTI MUSAHARMIYA,मुखियापट्टी मुसहरमिया,17,Y
487,MUS,MUSIKOT,मुसिकोट,47,Y
560,MUI,MUSIKOT,मुसिकोट,77,Y
355,MYA,MYAGANG,म्यगङ,31,Y
422,MYG,MYAGDI,म्याग्दे,38,Y
82,MYN,MYANGLUNG,म्याङलुङ,8,Y
343,NAG,NAGARJUN,नागार्जुन,30,Y
179,NAR,NAGRAIN,नगराइन,17,Y
627,NAL,NALGAD,नलगाड,61,Y
662,NAM,NAMKHA,नाम्खा,66,Y
316,NAO,NAMOBUDDHA,नमोबुद्ध,27,Y
171,NAA,NARAHA,नरहा,16,Y
581,NAI,NARAINAPUR,नरैनापुर,56,Y
614,NAY,NARAYAN,नारायण,60,Y
653,NAH,NARHARINATH,नरहरिनाथ,64,Y
441,NAP,NARPA BHUMI,नार्पा भूमि,41,Y
442,NAS,NASON,नासोँ,41,Y
547,NAU,NAUBAHINI,नौवहिनी,52,Y
752,NAD,NAUGAD,नौगाड,75,Y
361,NAK,NAUKUNDA,नौकुण्ड,32,Y
621,NAE,NAUMULE,नौमुले,60,Y
734,NAW,NAWADURGA,नवदुर्गा,73,Y
174,NAJ,NAWARAJPUR,नवराजपुर,16,Y
111,NEC,NECHASALYAN,नेचा सल्यान ,11,Y
579,NEP,NEPALGUNJ,नेपालगंज,56,Y
371,NET,NETRAWATI DABJONG,नेत्रावती डबजोङ,33,Y
248,NIJ,NIJGADH,निजगढ,21,Y
364,NIL,NILKANTHA,निलकण्ठ,33,Y
501,NIS,NISDI,निस्दी,48,Y
470,NII,NISIKHOLA,निसीखोला,45,Y
520,OMS,OM SATIYA,ओमसतिया,49,Y
92,PAA,PAANCHKHAPAN,पाँचखपन,9,Y
651,PAC,PACHALJHARANA,पचालझरना,64,Y
254,PAH,PACHARAUTA,पचरौता,21,Y
458,PAI,PAIYUN,पैयूं,44,Y
266,PAK,PAKAHA MAINPUR,पकाहा मैनपुर,22,Y
72,PAR,PAKHRIBAS,पाख्रिबास,7,Y
656,PAL,PALATA,पलाता,64,Y
480,PAN,PALHI NANDAN,पाल्हीनन्दन,76,Y
396,PAU,PALUNGTAR,पालुङटार,36,Y
314,PAT,PANAUTI,पनौती,27,Y
353,PAY,PANCHA KANYA,पञ्चकन्या,31,Y
692,PAD,PANCHADEWAL BINAYAK,पन्चदेवल विनायक,69,Y
608,PAP,PANCHAPURI,पञ्चपुरी,59,Y
744,PAE,PANCHESHWOR,पञ्चेश्वर,74,Y
315,PAO,PANCHKHAL,पाँचखाल,27,Y
305,PAG,PANCHPOKHARI THANGPAL,पाँचपोखरी थाङपाल,26,Y
539,PAF,PANINI,पाणिनी,51,Y
731,PAS,PARASHURAM,परशुराम,73,Y
552,PAB,PARIBARTAN,परिवर्तन,53,Y
243,PAJ,PAROHA,परोहा,20,Y
760,PAZ,PARSA,पर्सा,19,Y
270,PAW,PARSA GADHI,पर्सागढी,22,Y
255,PAX,PARWANIPUR,परवानीपुर,21,Y
738,PAV,PATAN,पाटन,74,Y
647,PAM,PATARASI,पातारासी,63,Y
272,PAQ,PATERWA SUGAULI,पटेर्वा सुगौली,22,Y
46,PLL,PATHARI SHANISHCHARE,पथरी-शनिश्चरे,5,Y
103,PHH,PAUWADUNGMA,पौवादुङमा,10,Y
4,PHA,PHAKATANGLUNG,फाकतङ्लुङ,1,Y
22,PHK,PHAKPHOKTHUMMUN ,फाकफोकथुम,3,Y
11,PHL,PHALELUNG,फालेलुङ ,2,Y
456,PHE,PHALEWAS,फलेवास,44,Y
12,PHG,PHALGUNANDA,फाल्गुनन्द ,2,Y
241,PHT,PHATUWA BIJAYAPUR,फतुवाबिजयपुर,20,Y
86,PHD,PHEDAP,फेदाप ,8,Y
432,PHI,PHEDI KHOLA,फेदीखोला,39,Y
257,PHU,PHETA,फेटा,21,Y
10,PHM,PHIDIM,फिदिम ,2,Y
278,PHJ,PHIKKAL,फिक्कल,23,Y
1,PHN,PHUNGLING,फुङ्लिङ,1,Y
205,PIP,PIPRA,पिपरा,18,Y
435,POK,POKHARA LEKHNATH,पोखरा,40,Y
261,POH,POKHARIYA,पोखरिया,22,Y
256,PRA,PRASAUNI,प्रसौनी,21,Y
481,PRT,PRATAPPUR,प्रतापपुर,76,Y
722,PUN,PUNARBAS,पुर्नवास,72,Y
502,PUR,PURBA KHOLA,पूर्वखोला,48,Y
701,PUB,PURBICHAUKI,पूर्वीचौकी,70,Y
740,PUC,PURCHAUDI,पुर्चौडी,74,Y
426,PUT,PUTALIBAZAR,पुतलीबजार,39,Y
563,PUH,PUTHA UTTARGANGA,पुथा उत्तरगंगा,54,Y
541,PYU,PYUTHAN,प्यूठान,52,Y
454,RAG,RAGHUGANGA,रघुगंगा,43,Y
508,RAI,RAINADEVI CHHAHARA,रैनादेवी छहरा,48,Y
408,RAN,RAINAS,रार्इनास,37,Y
589,RAJ,RAJAPUR,राजापुर,57,Y
141,RAB,RAJBIRAJ,राजविराज,15,Y
761,RAD,RAJDEVI,राजदेवी,20,Y
756,RAA,RAJGADH,राजगढ,15,Y
244,RAP,RAJPUR,राजपुर,20,Y
575,RAU,RAJPUR,राजपुर,55,Y
385,RAK,RAKSIRANG,राक्सिराङ्ग,34,Y
101,RAM,RAM PRASAD RAI,राम प्रसाद राई ,10,Y
696,RAR,RAMAROSHAN,रामारोशन,69,Y
503,RAH,RAMBHA,रम्भा,48,Y
64,RAC,RAMDHUNI,रामधुनी,6,Y
283,RAE,RAMECHHAP,रामेछाप,24,Y
199,RAO,RAMGOPALPUR,रामगोपालपुर,18,Y
477,RAQ,RAMGRAM,रामग्राम,76,Y
227,RAS,RAMNAGAR,रामनगर,19,Y
499,RAF,RAMPUR,रामपुर,48,Y
47,RAL,RANGELI,रङ्गेली ,5,Y
393,RAT,RAPTI,राप्ती,35,Y
576,RAV,RAPTI,राप्ती,55,Y
582,RAZ,RAPTI SONARI,राप्ती सोनारी,56,Y
649,RAW,RASKOT,रास्कोट,64,Y
392,RAX,RATNA NAGAR,रत्ननगर,35,Y
48,RAY,RATUWAMAI,रतुवामाई,5,Y
139,RYY,RAUTAMAI,रौतामाई,14,Y
126,RSS,RAWA BESI,रावा बेसी,13,Y
488,RES,RESUNGA,रेसुङ्गा,47,Y
507,RIB,RIBDIKOT,रिब्दिकोट,48,Y
419,RIS,RISHING,ऋषिङ्ग,38,Y
521,ROH,ROHINI,रोहिणी,49,Y
550,ROL,ROLPA,रोल्पा,53,Y
26,RON,RONG,रोङ,3,Y
324,ROS,ROSHI,रोशी,27,Y
373,RUB,RUBI VALLEY,रुवी भ्याली,33,Y
554,RUN,RUNTI GADHI,रुन्टीगढी,53,Y
439,RUP,RUPA,रूपा,40,Y
155,RUA,RUPANI,रुपनी,15,Y
494,RUR,RURU,रुरुक्षेत्र,47,Y
183,SAB,SABAILA,सबैला,17,Y
79,SAH,SAHID BHUMI,सहिदभूमि,7,Y
513,SAI,SAINA MAINA,सैनामैना,49,Y
688,SAP,SAIPAL,साइपाल,68,Y
131,SAK,SAKELA,साकेला,13,Y
271,SAU,SAKHUWA PRASAUNI,सखुवा प्रसौनी,22,Y
172,SAW,SAKHUWANANKARKATTI,सखुवानान्कारकट्टी,16,Y
104,SAL,SALPASILICHHO,साल्पासिलिछो,10,Y
522,SAM,SAMMARIMAI,सम्मरीमाई,49,Y
197,SAS,SAMSI,साम्सी,18,Y
27,SAN,SANDAKPUR,सन्दकपुर,3,Y
535,SAD,SANDHIKHARKA,सन्धिखर्क,51,Y
690,SAF,SANFEBAGAR,साँफेबगर,69,Y
75,SAG,SANGURIGADHI,साँगुरीगढी,7,Y
568,SAE,SANI BHERI,सानी भेरी,77,Y
345,SAA,SANKHARAPUR,शङ्खरापुर,30,Y
652,SAT,SANNI TRIVENI,सान्नी त्रिवेणी,64,Y
152,SAO,SAPTAKOSHI,सप्तकोशी,15,Y
485,SAR,SARAWAL,सरावल,76,Y
664,SAJ,SARKEGAD,सर्केगाड,66,Y
545,SAC,SARUMARANI,सरुमारानी,52,Y
492,SAY,SATYAWATI,सत्यवती,47,Y
96,SAV,SAVAPOKHARI,सभापोखरी ,9,Y
704,SAQ,SAYAL,सायल,70,Y
595,SHA,SHAARADA,शारदा,58,Y
99,SHD,SHADANAND,षडानन्द,10,Y
405,SHH,SHAHID LAKHAN,शहिद लखन,36,Y
182,SHI,SHAHID NAGAR,शहीदनगर,17,Y
299,SHL,SHAILUNG,शैलुङ्ग,25,Y
748,SHY,SHAILYASHIKHAR,शैल्यशिखर,75,Y
146,SHM,SHAMBHUNATH,शम्भुनाथ,15,Y
577,SHN,SHANTINAGAR,शान्तिनगर,55,Y
635,SHE,SHE PHOKSUNDO,शे फोक्सुन्डो,62,Y
700,SHK,SHIKHAR,शिखर,70,Y
743,SHV,SHIVANATH,शिवनाथ,74,Y
356,SHP,SHIVAPURI,शिवपुरी,31,Y
527,SHR,SHIVARAJ,शिवराज,50,Y
33,SHS,SHIVASATAKSHI,शिवसतक्षी,4,Y
631,SHW,SHIWALAYA,शिवालय,61,Y
725,SHU,SHUKLA PHANTA,शुक्लाफाँटा,72,Y
602,SID,SIDDHA KUMAKH,सिद्ध कुमाख,58,Y
374,SIH,SIDDHALEK,सिद्धलेक,33,Y
512,SIA,SIDDHARTHANAGAR,सिद्धार्थनगर,49,Y
115,SII,SIDDHICHARAN,सिद्दिचरण,12,Y
3,SIN,SIDINGWA,सिदिङवा,1,Y
742,SIG,SIGAS,सिगास,74,Y
97,SIL,SILICHONG,सिलिचोङ ,9,Y
661,SIM,SIMKOT,सिमकोट,66,Y
250,SIR,SIMRAUNGADH,सिम्रौनगढ,21,Y
613,SIT,SIMTA,सिम्ता,59,Y
642,SIJ,SINJA,सिंजा,63,Y
160,SIY,SIRAHA,सिरहा,16,Y
398,SIC,SIRANCHOWK,सिरानचोक,36,Y
9,SIU,SIRIJUNGA,सिरीजङ्घा,1,Y
565,SIS,SISNE,सिस्ने,54,Y
536,SIV,SITGANGA,शितगंगा,51,Y
523,SIX,SIYARI,सियारी,49,Y
107,SOL,SOLUDUDHKUNDA,सोलुदुधकुण्ड,11,Y
196,SON,SONAMA,सोनमा,18,Y
659,SOR,SORU,सोरु,65,Y
114,SOT,SOTANG,सोताङ ,11,Y
259,SUB,SUBARNAPUR,सुवर्ण,21,Y
524,SUD,SUDDHODHAN,शुद्धोधन,49,Y
533,SUH,SUDDHODHAN,सुद्धोधन,50,Y
167,SUK,SUKHIPUR,सुखीपुर,16,Y
417,SUL,SUKLA GANDAKI,शुक्लागण्डकी,38,Y
289,SUN,SUNAPATI,सुनापती,24,Y
49,SUA,SUNBARSHI,सुनवर्षि,5,Y
557,SUC,SUNCHHAHARI,सुनछहरी,53,Y
409,SUR,SUNDARBAZAR,सुन्दरबजार,37,Y
51,SUI,SUNDARHARAINCHA,सुन्दरहरैँचा,5,Y
558,SUS,SUNILSMRITI,सुनिल स्मृति,53,Y
122,SUO,SUNKOSHI,सुन्कोशी ,12,Y
280,SUE,SUNKOSHI,सुनकोशी,23,Y
309,SUF,SUNKOSHI,सुनकोशी,26,Y
478,SUW,SUNWAL,सुनवल,76,Y
684,SUM,SURMA,सूर्मा,68,Y
741,SUY,SURNAYA,सुर्नया,74,Y
147,SUU,SURUNGA,सुरुङ्‍गा,15,Y
334,SUG,SURYABINAYAK,सूर्यविनायक,29,Y
357,SUZ,SURYAGADHI,सुर्यगढी,31,Y
21,SUQ,SURYODAYA,सूर्योदय,3,Y
479,SUT,SUSTA,सुस्ता,76,Y
654,SUV,SUVAKALIKA,शुभ कालीका,64,Y
674,SWA,SWAMIKARTIK KHAPAR,स्वामीकार्तिक खापर,67,Y
542,SWR,SWARGADWARI,स्वर्गद्वारी,52,Y
350,TAD,TADI,तादी,31,Y
667,TAJ,TAJAKOT,ताँजाकोट,66,Y
679,TAL,TALKOT,तलकोट,68,Y
294,TAM,TAMAKOSHI,तामाकोशी,25,Y
468,TAA,TAMAN KHOLA,तमानखोला,45,Y
500,TAN,TANSEN,तानसेन,48,Y
138,TAP,TAPLI,ताप्ली,14,Y
469,TAR,TARAKHOLA,ताराखोला,45,Y
341,TAK,TARKESHWAR,तारकेश्वर,30,Y
351,TAE,TARKESHWAR,तारकेश्वर,31,Y
646,TAT,TATOPANI,तातोपानी,63,Y
277,TEE,TEEN PATAN,तीनपाटन,23,Y
320,TEM,TEMAL,तेमाल,27,Y
100,TEK,TEMKEMAIYUNG,टेम्केमैयुङ,10,Y
559,THA,THABANG,थवाङ,53,Y
377,THH,THAHA,थाहा,34,Y
370,THK,THAKRE,थाक्रे,33,Y
590,THU,THAKURBABA,ठाकुरबाबा,57,Y
682,THL,THALARA,थलारा,68,Y
624,THN,THANTIKANDH,ठाँटीकाँध,60,Y
445,THS,THASANG,थासाङ,42,Y
764,THO,THORI,ठोरी,22,Y
632,THI,THULI BHERI,ठूली भेरी,62,Y
110,THG,THULUNG DUDHKOSHI,थुलुङ दुधकोशी,11,Y
709,TIK,TIKAPUR,टिकापुर,71,Y
644,TIL,TILA,तिला,63,Y
650,TIA,TILAGUFA,तिलागुफा,64,Y
154,TIT,TILATHI KOILADI,तिलाठी कोईलाडी,15,Y
514,TIO,TILOTTAMA,तिलोत्तमा,49,Y
505,TIN,TINAU,तिनाउ,48,Y
153,TIR,TIRAHUT,तिरहुत,15,Y
340,TOK,TOKHA,टोखा,30,Y
551,TRI,TRIBENI,त्रिवेणी,53,Y
567,TRB,TRIBENI,त्रिवेणी,77,Y
599,TRE,TRIBENI,त्रिवेणी,58,Y
669,TRN,TRIBENI,त्रिवेणी,67,Y
375,TRP,TRIPURA SUNDARI,त्रिपुरासुन्दरी,33,Y
633,TRU,TRIPURA SUNDARI,त्रिपुरासुन्दरी,62,Y
311,TRR,TRIPURASUNDARI,त्रिपुरासुन्दरी,26,Y
135,TRY,TRIYUGA,त्रियुगा,14,Y
569,TUL,TULSIPUR,तुल्सीपुर,55,Y
16,TUM,TUMWEWA,तुम्वेवा,2,Y
698,TUR,TURMAKHAD,तुर्माखाँद,69,Y
137,UDA,UDAYAPURGADHI,उदयपुरगढी ,14,Y
284,UMA,UMAKUNDA,उमाकुण्ड,24,Y
50,URL,URLABARI,उर्लावारी,5,Y
358,UTT,UTTARGAYA,उत्तरगया,32,Y
448,VAR,VARAGUNG MUKTICHHETRA,वारागुङ मुक्तिक्षेत्र,42,Y
428,WAL,WALING,वालिङ,39,Y
762,YAM,YAMUNAMAI,यमुनामाई,20,Y
8,YAN,YANGWARAK,यङ्बाराक ,1,Y
17,YAG,YANGWARAK,याङवरक,2,Y
532,YAS,YASHODHARA,यसोधरा,50,Y
